Number of Threads,Execution Time (seconds)
1,67.83111500740051
2,63.48076105117798
3,63.189141035079956
4,61.27112030982971
5,59.843226194381714
6,59.92482399940491
7,63.2504301071167
8,59.9172580242157
